Net. Ident.,N,No. Clqs.,Clq. Size,Clq. Mem.,No. Components,G/N,GPOL0,GMOI,NPI,Density,Transitivity,SYSIN,ERPOL,Average indegree,Average outdegree,DIG,DOG,CIG,COG,BIG,BOG,EIG,EOG
0,10,2,5,1,2,0.5,1,0.555555555555556,1,0.444444444444444,1,0.444444444444444,0.25,0.444444444444445,0.444444444444445,0,0,0,0,0,0,0.652206812342234,0.652206812342234
